LPhenotypeID,LabType,Units,MinResult,MaxResult,ResultSet
1000157,Games,JPY,21525.95108,60538.1841,diners-club-us-ca
1000555,Beauty,SEK,32949.09336,91298.14354,jcb
1000546,Sports,SYP,41734.89614,84116.49682,diners-club-us-ca
1000151,Garden,CNY,11284.22588,89222.72056,jcb
1000658,Beauty,LKR,38570.03391,56122.77015,bankcard
1000670,Sports,THB,737.74402,62689.75182,jcb
1000204,Baby,CNY,32205.46949,71266.37179,jcb
1000624,Toys,EUR,21826.81463,94234.56373,jcb
1000223,Computers,CNY,36361.63693,95335.60484,mastercard
1000488,Tools,EUR,16557.57745,59898.72864,jcb
1000185,Movies,VND,4107.49094,82344.86005,jcb
1000099,Movies,AMD,47820.54972,90368.43808,jcb
1000646,Computers,RSD,16614.88497,59615.13672,jcb
1000137,Industrial,CNY,11204.0781,65710.21819,jcb
1000098,Jewelery,CNY,1661.78818,78256.27023,visa
1000321,Outdoors,VEF,47726.39114,60507.31751,jcb
1000197,Home,CNY,42376.61376,73875.35836,jcb
1000590,Shoes,PHP,34684.02067,52134.62054,diners-club-carte-blanche
1000883,Baby,THB,46234.78297,76905.90877,laser
1000483,Grocery,PHP,46804.5471,97556.70957,jcb
1000466,Sports,EUR,45216.33246,83368.55373,mastercard
1000334,Automotive,IDR,14705.02613,96479.06302,diners-club-enroute
1000584,Outdoors,EUR,41381.70333,76473.37281,jcb
1000002,Shoes,CZK,19821.26034,79179.15569,americanexpress
1000010,Movies,PLN,31756.49717,59404.40109,jcb
1000583,Home,RUB,11784.18426,57888.48104,jcb
1000694,Tools,IDR,21418.74315,68988.53049,jcb
1000883,Grocery,COP,24859.24741,85945.12805,jcb
1000418,Books,CNY,24692.3247,87979.48379,jcb
1000395,Toys,PHP,1366.16687,68721.92476,jcb
1000233,Shoes,HNL,16217.22654,86346.49667,bankcard
1000947,Music,CNY,37427.94411,94433.46938,americanexpress
1000017,Electronics,CNY,12186.03038,78355.34505,americanexpress
1000707,Outdoors,CNY,7279.4365,72281.84702,jcb
1000224,Tools,ARS,35648.10866,71501.37295,jcb
1000020,Industrial,IDR,14432.7583,63530.38605,maestro
1000797,Industrial,MAD,25821.45077,76448.51572,mastercard
1000170,Sports,PHP,14475.99728,88104.53679,laser
1000836,Clothing,GBP,36025.92641,96566.3415,bankcard
1000205,Music,CNY,29131.16731,78782.25824,diners-club-enroute
1000943,Industrial,CNY,17177.45866,76874.60611,mastercard
1000788,Automotive,CNY,12816.84572,67724.96565,jcb
1000197,Health,SEK,34246.52057,93806.74841,jcb
1000658,Clothing,USD,46042.33182,51896.53844,diners-club-enroute
1000980,Garden,CNY,22824.04917,74350.432,maestro
1000252,Tools,RUB,10760.51429,59554.75886,instapayment
1000435,Clothing,PLN,49649.50008,68227.02011,visa-electron
1000074,Home,IDR,43571.07179,98445.71275,diners-club-us-ca
1000725,Toys,IDR,33854.89339,53766.22124,jcb
1000664,Health,IDR,2833.02969,69022.39641,jcb
1000900,Movies,CNY,8278.75112,87597.75215,jcb
1000486,Tools,EUR,2301.60427,86332.19996,mastercard
1000464,Computers,MXN,12536.8404,87249.24666,visa-electron
1000522,Games,NOK,4922.98545,58072.12986,laser
1000774,Games,RUB,35915.9645,83142.98683,americanexpress
1000394,Computers,IDR,46871.86807,75640.36703,switch
1000155,Kids,CNY,13103.90783,96670.02035,jcb
1000992,Electronics,RUB,24484.13634,55928.42686,maestro
1000659,Garden,RUB,20659.47761,63029.92473,jcb
1000450,Home,TRY,4396.85957,71572.2869,jcb
1000876,Outdoors,CNY,722.06875,79813.26586,mastercard
1000876,Books,CNY,17617.93962,64976.40869,diners-club-international
1000786,Games,DOP,43562.13983,93516.04683,jcb
1000273,Books,IDR,18165.1575,53870.32841,mastercard
1000900,Toys,EUR,40007.18352,93345.87892,jcb
1000688,Garden,RUB,37155.62445,77784.6425,jcb
1000898,Clothing,IDR,13294.79707,90196.3166,jcb
1000994,Garden,CNY,48123.50461,91915.94296,jcb
1000681,Automotive,IDR,30901.19093,82591.86708,jcb
1000834,Tools,EUR,18142.28608,99764.99064,jcb
1000624,Games,EUR,43309.33447,76380.77764,jcb
1000847,Home,CNY,30407.9451,73905.82429,jcb
1000011,Electronics,HNL,11965.64686,82480.34346,americanexpress
1000398,Clothing,CNY,37148.30519,88437.91672,mastercard
1000001,Jewelery,EUR,5337.52283,85202.74374,visa
1000219,Health,IDR,31299.94621,66338.01102,jcb
1000032,Clothing,USD,16239.08371,72338.69004,jcb
1000378,Toys,SEK,47461.27247,78893.04139,china-unionpay
1000632,Health,EUR,22276.42017,81045.69816,jcb
1000778,Automotive,CNY,29551.91573,59810.44447,maestro
1000145,Outdoors,CNY,44139.65632,60748.34534,maestro
1000601,Outdoors,EUR,45550.28749,51826.52574,jcb
1000634,Sports,EUR,14446.55896,64505.0475,americanexpress
1000667,Computers,AMD,38833.73959,91440.50856,jcb
1000179,Music,CNY,40761.45623,90837.55493,diners-club-enroute
1000764,Computers,EUR,18142.2321,81237.17764,switch
1000842,Home,IDR,3896.27762,61141.17125,americanexpress
1000165,Clothing,RUB,21440.04174,67340.9221,laser
1000166,Music,CNY,26035.71111,61972.06982,jcb
1000299,Shoes,VEF,15531.3903,55475.5403,maestro
1000145,Garden,NPR,41119.20882,53796.6888,diners-club-enroute
1000037,Tools,CNY,20992.10811,82057.69229,diners-club-carte-blanche
1000460,Clothing,PHP,36761.44111,52638.90158,visa-electron
1000477,Movies,CNY,41201.1487,62802.10148,china-unionpay
1000622,Industrial,RUB,20522.56531,60472.03393,switch
1000231,Industrial,EUR,21399.56358,56228.70413,switch
1000020,Baby,SEK,18554.8515,72075.28692,jcb
1000624,Home,MAD,28518.86115,63993.00825,mastercard
1000507,Home,CZK,19857.73045,95099.94555,mastercard
1000477,Games,RSD,14566.84549,76510.19174,visa
1000367,Electronics,CHF,12233.69968,99860.383,switch
1000890,Music,PLN,19415.87512,52440.32127,diners-club-enroute
1000760,Baby,XAF,44739.39153,85024.88803,china-unionpay
1000160,Industrial,CNY,22563.44775,84130.39277,diners-club-carte-blanche
1000798,Health,BGN,7353.00055,74353.32438,jcb
1000016,Home,IDR,10725.95977,52794.38144,jcb
1000190,Outdoors,BRL,40666.83713,66377.63066,jcb
1000433,Games,EUR,9438.00389,79469.07248,jcb
1000376,Sports,CNY,28903.7389,51435.85681,jcb
1000487,Industrial,RUB,29586.0395,63726.63715,switch
1000818,Beauty,BRL,43681.7295,55921.44116,jcb
1000615,Shoes,JOD,33770.99103,79803.01044,china-unionpay
1000194,Grocery,CNY,40988.60139,99735.34463,china-unionpay
1000035,Sports,RUB,14909.71185,59720.21165,switch
1000650,Beauty,CNY,3118.10562,50960.62719,diners-club-carte-blanche
1000589,Kids,CNY,1430.62406,93883.91693,maestro
1000800,Music,EUR,17692.49852,56915.54305,jcb
1000192,Electronics,HUF,13893.36482,90546.82963,americanexpress
1000083,Computers,BAM,45213.80038,85044.21032,visa-electron
1000831,Games,ARS,27000.14515,62096.7804,maestro
1000141,Music,CNY,49618.4827,86815.6995,diners-club-enroute
1000211,Music,CNY,20776.05525,97941.12187,jcb
1000670,Clothing,USD,10700.38892,80836.53745,jcb
1000307,Industrial,JOD,729.84993,62845.95466,jcb
1000982,Kids,CZK,35073.8586,86197.88625,maestro
1000067,Computers,LBP,34341.79433,66565.12137,jcb
1000812,Shoes,EUR,860.1074,77130.11632,americanexpress
1000734,Electronics,CNY,13107.85241,72333.43964,visa-electron
1000220,Kids,PAB,14031.19557,84392.00294,diners-club-carte-blanche
1000347,Shoes,HNL,24808.11699,50811.43141,diners-club-enroute
1000615,Computers,CNY,20287.90686,55775.34535,maestro
1000709,Music,RUB,22221.73674,68726.79572,americanexpress
1000978,Tools,ILS,41976.14403,87750.59283,solo
1000784,Industrial,PLN,13833.88901,80383.68267,jcb
1000303,Kids,ZAR,8713.4319,72683.96287,maestro
1000996,Clothing,RUB,40859.61655,69291.08774,jcb
1000037,Games,JPY,14365.27706,50784.38173,mastercard
1000164,Industrial,MXN,6384.81353,87951.99378,jcb
1000758,Jewelery,HTG,14255.90052,55177.66399,bankcard
1000511,Shoes,GNF,32684.95933,64751.81423,jcb
1000479,Shoes,BRL,15857.62848,95666.02763,china-unionpay
1000474,Home,SEK,17603.22235,91011.58357,switch
1000047,Automotive,ILS,3381.93208,50268.71224,switch
1000843,Jewelery,PLN,6045.35192,72134.44144,laser
1000555,Electronics,EUR,47781.50181,79063.79072,switch
1000070,Industrial,PLN,9569.54588,81590.10049,maestro
1000344,Health,MNT,32767.39509,53605.50721,diners-club-us-ca
1000986,Electronics,KPW,36245.85299,83030.16272,mastercard
1000801,Shoes,EUR,13409.33606,80146.75169,jcb
1000659,Tools,GBP,5844.03153,50776.71306,diners-club-us-ca
1000162,Games,HRK,13140.55228,60570.311,mastercard
1000271,Toys,CNY,7962.93382,74680.30387,switch
1000688,Toys,EUR,45417.03743,87733.99469,diners-club-carte-blanche
1000366,Automotive,THB,29641.25928,57202.81889,jcb
1000822,Health,BRL,13277.62674,95910.29706,laser
1000450,Electronics,RUB,45827.55052,64920.82126,diners-club-enroute
1000870,Shoes,CNY,42987.45387,85499.9895,jcb
1000980,Health,ILS,243.8916,53104.70642,visa-electron
1000189,Books,PHP,32847.48125,91387.78867,maestro
1000480,Home,UAH,5448.21772,59354.18168,americanexpress
1000975,Computers,MAD,390.34543,59578.86582,jcb
1000873,Health,CNY,43226.09392,89462.5851,laser
1000784,Electronics,PEN,14927.64796,72080.39742,maestro
1000702,Electronics,CZK,5433.56358,68402.76943,solo
1000832,Tools,NGN,20451.22911,65985.78721,jcb
1000569,Automotive,BIF,30355.39493,99982.78928,maestro
1000576,Grocery,CNY,42159.34794,98542.55397,visa-electron
1000962,Clothing,SEK,17835.88175,99575.77442,americanexpress
1000543,Computers,CNY,23848.7756,72389.40232,diners-club-enroute
1000755,Grocery,PHP,12098.60629,71191.31319,mastercard
1000789,Movies,CNY,44177.27377,68025.22838,jcb
1000293,Movies,CNY,39050.85646,70898.74729,visa-electron
1000483,Garden,EUR,366.40259,72193.42566,switch
1000119,Kids,PLN,28628.91482,75229.17047,diners-club-enroute
1000175,Kids,CDF,26729.49633,90221.33911,jcb
1000781,Grocery,PLN,49488.43491,96372.76172,visa
1000967,Clothing,CNY,2630.8913,90926.60586,jcb
1000547,Sports,CNY,24841.9771,66952.52103,jcb
1000883,Jewelery,BRL,42834.28218,52479.78414,jcb
1000490,Jewelery,PLN,20709.51946,66525.28907,solo
1000116,Games,EUR,48899.11104,63387.62512,solo
1000882,Books,CNY,13766.67568,83061.39084,bankcard
1000633,Kids,KRW,45411.63574,53733.32373,jcb
1000136,Games,ETB,35054.48299,87881.49524,switch
1000692,Sports,TZS,22688.93684,96683.95842,switch
1000695,Books,MYR,36421.36554,59878.41551,mastercard
1000061,Tools,RUB,10258.26609,80650.03418,diners-club-enroute
1000743,Sports,CNY,15383.85073,93799.77144,jcb
1000474,Shoes,CNY,9446.89899,72537.43928,laser
1000992,Clothing,IDR,42168.5986,84517.96249,visa
1000653,Tools,CNY,2416.47553,72001.05766,diners-club-enroute
1000812,Books,IRR,12663.2644,96531.38232,maestro
1000201,Sports,IDR,46491.07303,63982.19697,visa-electron
1000797,Sports,DOP,22327.32559,64948.17957,china-unionpay
1000944,Industrial,EUR,12306.13668,67301.36513,diners-club-carte-blanche
1000202,Music,IDR,5962.8759,71137.89991,jcb
1000700,Electronics,USD,47762.44573,73961.43321,bankcard
1000278,Movies,EUR,42064.64147,89869.96831,visa
1000424,Tools,UAH,35650.98876,87269.106,jcb
1000946,Grocery,CNY,25139.47341,65953.27439,jcb
1000528,Jewelery,IDR,38472.08424,54881.19078,china-unionpay
1000914,Computers,CNY,8879.03648,85177.98845,jcb
1000924,Electronics,RUB,25975.9788,92545.70968,switch
1000863,Baby,ARS,10925.26508,98988.30063,jcb
1000840,Kids,IDR,13642.96644,99647.99258,jcb
1000190,Kids,COP,12740.79318,76098.0549,jcb
1000508,Toys,PYG,18895.65337,84879.9488,jcb
1000932,Jewelery,IDR,24630.56697,50535.66792,jcb
1000124,Movies,EUR,13682.66091,80733.63431,diners-club-international
1000764,Grocery,COP,31865.86258,94592.18648,instapayment
1000549,Baby,PHP,24618.89731,85896.28789,americanexpress
1000336,Computers,RUB,3513.21538,90099.0612,maestro
1000874,Health,PLN,18065.98141,53890.4546,jcb
1000817,Shoes,THB,24372.59033,78550.6981,diners-club-enroute
1000121,Industrial,CNY,22807.44561,61242.39906,americanexpress
1000500,Outdoors,CNY,44135.74608,73103.30739,diners-club-carte-blanche
1000201,Electronics,RUB,43320.27838,77862.80012,maestro
1000122,Toys,MDL,17014.3681,74169.00743,jcb
1000594,Books,ARS,43979.19174,83029.07841,americanexpress
1000647,Grocery,CNY,2435.39868,77895.46483,mastercard
1000533,Tools,AUD,39860.53205,53997.56264,jcb
1000301,Home,ARS,18814.76114,61671.27344,maestro
1000524,Music,CNY,13016.09586,92161.43972,jcb
1000608,Shoes,IDR,46403.62364,98774.61292,maestro
1000251,Kids,CNY,16376.6937,72073.84664,diners-club-us-ca
1000643,Movies,RUB,7871.62225,67729.27508,jcb
1000949,Books,CNY,6009.64561,93308.11636,china-unionpay
1000301,Movies,CNY,15483.73398,66889.03809,bankcard
1000125,Music,CNY,3172.23116,51878.43853,jcb
1000640,Computers,RSD,47581.65492,58487.99981,jcb
1000855,Grocery,IDR,43283.12366,52736.18506,jcb
1000769,Shoes,IDR,26484.13649,79587.01256,jcb
1000279,Toys,CNY,17731.78787,84004.52528,jcb
1000092,Kids,RUB,37658.91261,92747.70129,instapayment
1000152,Movies,COP,31279.0728,59934.75571,bankcard
1000153,Computers,IDR,35885.52853,97383.66046,jcb
1000991,Automotive,RUB,3508.98124,62440.35684,jcb
1000725,Health,PHP,45693.99417,80951.44663,jcb
1000839,Games,MGA,16363.19238,77088.9017,visa-electron
1000491,Jewelery,CNY,16169.48009,56896.66867,diners-club-carte-blanche
1000065,Music,PHP,31709.40687,68039.19438,jcb
1000775,Beauty,COP,19359.91159,91467.82122,jcb
1000076,Sports,YER,12173.82558,63653.23062,jcb
1000101,Kids,CNY,35913.37984,58415.77933,china-unionpay
1000392,Grocery,EGP,49951.25996,90404.43335,jcb
1000377,Shoes,EUR,28117.91705,54551.75711,jcb
1000742,Shoes,RUB,38729.63837,61342.82845,jcb
1000742,Electronics,EUR,5719.50985,79775.7355,jcb
1000665,Beauty,EGP,13762.21649,73806.17935,jcb
1000836,Grocery,PHP,35034.74304,68914.44368,maestro
1000703,Grocery,RUB,18987.55548,97401.27292,diners-club-carte-blanche
1000047,Automotive,IDR,13288.42989,71703.77527,mastercard
1000380,Toys,CZK,4132.42401,78365.67666,mastercard
1000987,Clothing,MMK,42544.51255,58420.63302,jcb
1000476,Clothing,RUB,25220.46328,54776.11538,visa
1000326,Health,CNY,37425.98177,95598.25356,americanexpress
1000591,Shoes,CNY,33918.75217,50135.10348,americanexpress
1000264,Tools,CNY,48351.99824,90591.58195,jcb
1000004,Music,COP,17783.99975,50052.85949,visa-electron
1000359,Movies,NPR,28301.78575,54821.84329,jcb
1000348,Industrial,NIO,3005.87857,74997.97662,mastercard
1000566,Outdoors,EUR,3056.51124,53971.70169,jcb
1000156,Kids,PKR,22512.67661,88929.54314,americanexpress
1000419,Clothing,HNL,13360.87907,98734.21073,diners-club-enroute
1000161,Tools,SDG,10478.16223,69853.15884,jcb
1000180,Sports,PHP,20713.23179,96181.63664,bankcard
1000728,Shoes,PHP,49556.12357,74592.8242,americanexpress
1000356,Kids,PLN,34674.26593,60277.7965,jcb
1000095,Clothing,EUR,14047.26699,67665.11661,americanexpress
1000748,Games,BRL,39640.27877,66186.99955,visa
1000125,Movies,EUR,1242.94292,56321.28798,jcb
1000488,Industrial,RUB,9409.82856,67376.69365,diners-club-carte-blanche
1000600,Computers,EUR,40039.38126,95658.7489,diners-club-enroute
1000001,Jewelery,EUR,11404.30127,57501.36417,visa
1000735,Industrial,NGN,37134.78544,58182.87903,jcb
1000764,Grocery,GHS,18561.24979,95592.60025,diners-club-us-ca
1000523,Electronics,BRL,31388.99386,85324.3677,instapayment
1000788,Jewelery,IDR,43029.27759,90921.86692,jcb
1000782,Music,IDR,2568.40651,62947.5967,mastercard
1000411,Industrial,CNY,7007.80794,67841.9406,jcb
1000093,Sports,IDR,5219.2321,85644.8657,jcb
1000983,Books,IDR,28969.08786,79386.03884,americanexpress
1000241,Jewelery,SEK,7593.95553,93220.05918,diners-club-carte-blanche
1000389,Jewelery,ALL,12804.69466,77048.92184,mastercard
1000365,Beauty,COP,43945.92698,85720.20457,americanexpress
1000292,Garden,CNY,24002.12878,92499.92094,jcb
1000931,Computers,ILS,48162.29416,56959.09181,americanexpress
1000863,Industrial,JPY,2271.7707,96315.92362,bankcard
1000951,Music,PAB,41523.71269,92300.92473,jcb
1000009,Tools,CNY,8076.17446,76764.49939,jcb
1000791,Games,SEK,10353.04123,50566.08368,visa-electron
1000251,Garden,HRK,9454.3758,84807.16318,jcb
1000485,Games,COP,41755.99204,83340.22979,bankcard
1000755,Health,ARS,26986.3871,98475.98439,jcb
1000484,Music,PHP,35520.87158,53712.65182,instapayment
1000668,Kids,ZAR,30147.44763,65717.24335,switch
1000605,Outdoors,IQD,25313.0181,50223.52294,jcb
1000515,Home,IDR,16059.30095,84729.19928,mastercard
1000263,Toys,USD,40671.47791,80032.61643,jcb
1000237,Grocery,IDR,21467.00212,65736.71619,jcb
1000035,Grocery,USD,13701.43154,50431.10385,instapayment
1000904,Movies,CNY,15793.51901,70697.16295,jcb
1000081,Clothing,HUF,42418.61565,73132.78231,americanexpress
1000859,Garden,PLN,12655.07992,79882.72207,mastercard
1000386,Games,MDL,23746.60712,60870.78942,americanexpress
1000257,Movies,CNY,33703.22402,94967.08376,mastercard
1000703,Health,TND,6088.69067,65436.43837,maestro
1000944,Electronics,CNY,33422.0691,92071.58393,mastercard
1000387,Garden,EUR,9873.41053,82488.02149,instapayment
1000206,Grocery,BRL,3029.33627,55749.36508,jcb
1000809,Movies,HNL,29673.69991,61913.36175,jcb
1000623,Automotive,EUR,3007.24599,86925.16063,switch
1000306,Baby,CNY,3352.40711,86150.30653,jcb
1000292,Shoes,UAH,49024.59023,68681.8074,visa-electron
1000158,Clothing,CNY,9755.90477,93695.42235,bankcard
1000872,Games,UAH,14032.76671,71040.29565,bankcard
1000299,Grocery,EUR,46001.78543,70495.41586,diners-club-carte-blanche
1000745,Books,IDR,217.15754,92960.84742,jcb
1000084,Games,MXN,17763.1545,82924.68348,jcb
1000203,Games,CNY,1664.28453,63484.35148,visa
1000437,Industrial,BRL,44560.52007,71589.0741,laser
1000051,Books,ARS,43516.81584,77799.56232,diners-club-enroute
1000235,Books,PHP,10684.98774,88021.72942,jcb
1000505,Garden,EUR,7012.92767,63869.27218,jcb
1000902,Shoes,COP,10926.25959,63829.53893,jcb
1000339,Music,UGX,40843.6587,59268.60397,jcb
1000576,Clothing,COP,34432.02391,78008.46339,mastercard
1000843,Outdoors,CNY,35605.71539,75931.58683,maestro
1000174,Shoes,CZK,9257.94825,66059.369,americanexpress
1000076,Baby,LSL,31384.62961,58904.58923,bankcard
1000474,Sports,RUB,33343.68913,67135.97525,americanexpress
1000711,Outdoors,KZT,38122.66832,75939.97217,solo
1000276,Health,IDR,9725.22448,53342.00693,mastercard
1000155,Jewelery,RUB,42635.07107,61230.10213,switch
1000259,Electronics,EUR,139.36279,66387.38716,bankcard
1000502,Music,ILS,1963.01014,71686.14015,mastercard
1000831,Beauty,EUR,2993.66728,78104.64808,china-unionpay
1000666,Outdoors,IDR,17213.348,82194.4677,jcb
1000012,Sports,CNY,10030.23562,93594.3901,jcb
1000279,Movies,AMD,792.90296,59927.18875,diners-club-carte-blanche
1000499,Outdoors,BRL,18526.44545,59508.82348,jcb
1000030,Home,EUR,29631.18609,55311.92499,jcb
1000058,Beauty,USD,7652.22756,58991.98188,americanexpress
1000113,Shoes,CNY,22299.09369,95907.59159,jcb
1000945,Health,KES,1405.1034,67453.13244,jcb
1000972,Garden,CNY,12830.79827,91203.52032,jcb
1000942,Games,IDR,20852.55601,92557.09919,jcb
1000613,Health,CNY,43900.78247,63947.7963,jcb
1000086,Home,MAD,26021.22699,81474.26893,jcb
1000123,Beauty,IDR,5565.66225,98386.52766,visa-electron
1000041,Tools,ZAR,12618.12618,73955.25352,americanexpress
1000799,Tools,CNY,31930.68628,95686.92355,laser
1000367,Outdoors,UAH,48101.83529,70570.14512,diners-club-enroute
1000323,Health,CNY,41220.31814,70496.43308,jcb
1000902,Grocery,RUB,22107.64231,54559.74152,americanexpress
1000819,Movies,ILS,35407.99904,67555.28896,jcb
1000851,Clothing,EUR,27720.61348,53119.91062,jcb
1000269,Kids,CNY,3824.33674,53753.04296,jcb
1000435,Grocery,JMD,33994.24134,52121.99709,jcb
1000180,Health,CNY,20141.54883,52840.80322,instapayment
1000657,Movies,IDR,7203.18368,61737.49231,jcb
1000933,Computers,EUR,30279.31841,79396.85204,jcb
1000583,Electronics,IDR,41448.73729,50602.06581,laser
1000181,Computers,CZK,18133.09009,59628.94503,bankcard
1000104,Tools,PLN,17297.57848,54302.99039,jcb
1000276,Shoes,PHP,25777.44214,67734.18724,jcb
1000876,Grocery,AFN,18904.77671,99669.66635,jcb
1000292,Outdoors,EUR,31196.38277,53410.98622,americanexpress
1000184,Automotive,MGA,23207.4632,98670.54026,visa
1000010,Movies,EUR,447.96159,80193.81822,bankcard
1000923,Garden,PLN,8501.90551,83131.22169,jcb
1000957,Tools,PEN,17599.95107,82114.12133,maestro
1000846,Movies,EUR,35848.16753,60537.96582,jcb
1000084,Health,CNY,49458.2662,59686.00752,maestro
1000727,Kids,CNY,21173.71892,68049.78712,jcb
1000191,Kids,PEN,8965.0725,83608.17393,mastercard
1000921,Tools,IDR,40733.13779,59474.75668,switch
1000219,Music,RUB,37453.08662,98807.69367,jcb
1000256,Music,PLN,800.85285,66531.5395,jcb
1000525,Music,RUB,27240.47946,93619.56436,visa
1000071,Home,EUR,48179.6368,67882.49264,jcb
1000084,Health,IDR,11543.4174,91456.06079,mastercard
1000018,Clothing,JOD,11074.02514,62854.56904,jcb
1000770,Tools,PHP,31657.07523,93696.38855,visa-electron
1000990,Books,XAF,16712.63862,71584.81373,jcb
1000590,Health,GTQ,10040.25721,61195.73398,diners-club-us-ca
1000367,Garden,EUR,32807.90261,67160.74182,jcb
1000186,Beauty,PHP,36076.31407,61676.50104,visa-electron
1000444,Movies,BOB,14965.30474,79553.97634,maestro
1000261,Home,JPY,5682.89456,93467.85838,jcb
1000883,Sports,CNY,10687.12512,98831.54059,jcb
1000830,Home,ARS,42322.77244,63289.53125,diners-club-us-ca
1000948,Movies,PEN,17663.82955,81255.89385,instapayment
1000468,Music,LKR,18718.28282,88581.83577,mastercard
1000291,Toys,EUR,13954.1208,93831.5653,bankcard
1000523,Books,EUR,37104.31806,50228.02555,maestro
1000272,Home,HRK,43145.31562,55725.4099,jcb
1000190,Music,CNY,30926.74873,82452.10856,switch
1000952,Computers,BMD,5695.95638,73624.72866,mastercard
1000931,Computers,SYP,16751.13942,80766.40311,laser
1000993,Health,CNY,46931.22529,57647.04904,jcb
1000046,Movies,JMD,27900.80375,69434.48364,jcb
1000660,Books,CZK,4317.49218,74747.08378,jcb
1000879,Games,ARS,24685.69698,52717.14808,bankcard
1000757,Baby,IDR,36074.7689,93184.52647,maestro
1000494,Music,PHP,20293.66106,63174.24093,jcb
1000995,Industrial,CNY,15814.57874,53859.35467,china-unionpay
1000151,Shoes,CNY,18261.53735,71448.15532,jcb
1000901,Outdoors,PYG,9086.86187,62778.34925,jcb
1000050,Electronics,CNY,27576.72965,80434.32299,maestro
1000070,Tools,CNY,39421.87477,92081.21632,diners-club-us-ca
1000653,Games,IDR,49301.10975,96750.43706,jcb
1000758,Jewelery,CNY,21724.1513,91959.21549,visa-electron
1000005,Electronics,CAD,28871.63081,95356.48396,jcb
1000062,Baby,KRW,24641.18124,84264.94228,maestro
1000001,Clothing,BRL,42170.07954,98220.8763,jcb
1000543,Garden,RUB,20686.41729,58094.50782,jcb
1000047,Games,BBD,13877.70645,91752.09542,jcb
1000930,Sports,CNY,26139.38028,51129.38582,jcb
1000851,Computers,EUR,27738.82239,71497.27106,diners-club-carte-blanche
1000563,Games,NPR,3547.42397,89784.15422,jcb
1000109,Baby,COP,35561.05961,92069.80304,jcb
1000582,Kids,ALL,9758.79075,60757.35453,americanexpress
1000760,Toys,IDR,6832.77716,77648.86101,jcb
1000799,Baby,PLN,20519.70674,80921.28509,visa
1000151,Baby,PLN,14709.83182,79605.02247,visa-electron
1000517,Health,PLN,9009.99949,61771.46822,bankcard
1000809,Music,EUR,12461.65551,50121.80177,americanexpress
1000979,Toys,CNY,45246.74782,57083.92375,jcb
1000883,Clothing,UAH,2631.18615,85496.64576,jcb
1000332,Industrial,CZK,28527.71538,87735.95269,visa-electron
1000161,Sports,CNY,42824.85988,62550.11872,mastercard
1000543,Books,MXN,46431.83463,55564.32,jcb
1000410,Home,EUR,11183.90195,75689.45577,jcb
1000674,Music,BRL,21241.2747,73632.10683,visa-electron
1000428,Clothing,PHP,23108.29046,57995.2436,china-unionpay
1000178,Industrial,USD,24981.23243,62538.91443,laser
1000371,Health,THB,23582.95366,51819.02912,instapayment
1000703,Music,CNY,30050.70875,74892.47421,jcb
1000006,Clothing,CNY,27884.62669,66778.6131,jcb
1000394,Industrial,TZS,24367.46727,92414.40795,jcb
1000807,Clothing,JPY,44471.94767,59357.60186,switch
1000652,Health,EUR,44576.90141,56571.36938,maestro
1000273,Kids,IDR,26185.33319,58805.51331,china-unionpay
1000629,Grocery,RUB,20564.42617,52089.53398,solo
1000154,Games,CNY,22730.2684,57291.9322,jcb
1000637,Home,IDR,1680.59483,84487.53689,diners-club-carte-blanche
1000278,Games,KRW,23413.64811,94495.04673,jcb
1000947,Garden,SYP,10265.47987,73634.86392,jcb
1000372,Kids,ILS,4571.90255,78807.77859,visa
1000102,Grocery,CNY,9297.13745,90033.83762,americanexpress
1000124,Tools,CNY,48354.57092,90096.22007,china-unionpay
1000300,Games,XPF,44306.32482,74235.66944,jcb
1000823,Electronics,RUB,21891.06085,60403.21034,mastercard
1000150,Toys,IDR,8867.68144,53160.73453,maestro
1000978,Jewelery,EUR,28700.06023,57435.13659,jcb
1000803,Shoes,ARS,27528.85365,95561.09223,solo
1000612,Computers,SEK,24944.02214,83081.68181,jcb
1000387,Outdoors,CNY,11307.56217,61175.38273,diners-club-enroute
1000272,Music,CZK,48430.49708,95270.32091,visa-electron
1000139,Music,SOS,20306.48183,93241.43093,jcb
1000115,Sports,EUR,16206.96225,75597.07216,jcb
1000321,Clothing,IDR,19143.29047,85653.16544,jcb
1000733,Games,GTQ,10953.18475,90654.84404,jcb
1000959,Sports,CNY,13671.98811,63792.14547,mastercard
1000674,Grocery,GTQ,14179.11483,93880.01223,jcb
1000015,Outdoors,MNT,27096.85447,71813.46037,jcb
1000077,Home,BGN,37854.59551,74646.04443,diners-club-international
1000819,Kids,CNY,40429.84722,91067.15072,visa
1000009,Health,XPF,16865.40581,70298.51164,diners-club-carte-blanche
1000486,Clothing,CNY,7550.23339,90782.88658,visa
1000146,Books,CNY,14824.58728,53181.72773,jcb
1000719,Music,EUR,13988.78646,55521.19345,laser
1000481,Garden,CNY,47591.98476,72110.44613,jcb
1000391,Outdoors,CNY,40185.88643,87228.95409,jcb
1000846,Music,IDR,17397.44885,67987.05068,jcb
1000489,Kids,VND,2633.60109,90667.89482,jcb
1000385,Games,XOF,38603.94709,94190.31296,jcb
1000412,Clothing,BOB,38867.51784,61798.13633,diners-club-carte-blanche
1000295,Garden,NGN,19048.00664,79429.10589,diners-club-enroute
1000812,Industrial,PHP,36980.53383,80528.74795,jcb
1000093,Beauty,JMD,35508.18189,81860.86345,instapayment
1000603,Movies,GTQ,33580.96719,99586.5366,jcb
1000967,Jewelery,CNY,18324.60924,73044.57029,diners-club-carte-blanche
1000330,Home,IDR,26758.22247,55394.6112,visa
1000058,Movies,EUR,46318.66213,87900.03868,mastercard
1000654,Games,ZAR,41553.34682,63457.60838,jcb
1000632,Automotive,EUR,25070.29302,73672.00667,jcb
1000164,Shoes,CNY,23583.01201,85947.50175,mastercard
1000542,Kids,CNY,40155.28805,74839.41179,jcb
1000951,Home,CNY,21109.37462,72474.09927,jcb
1000311,Jewelery,EUR,22517.12381,68178.92408,jcb
1000696,Shoes,EUR,39705.2985,55241.09009,jcb
1000684,Books,JPY,19283.57552,82061.03298,jcb
1000601,Jewelery,CNY,6746.42126,59380.75669,jcb
1000461,Tools,CZK,31670.40416,86024.29051,jcb
1000854,Home,IDR,26531.69918,73563.03707,diners-club-carte-blanche
1000910,Tools,SEK,15551.35743,99115.7851,laser
1000421,Books,RUB,21039.13851,67519.14261,switch
1000798,Automotive,EUR,21770.31401,67936.3893,switch
1000286,Automotive,PHP,15240.17625,69967.94869,jcb
1000701,Beauty,CNY,45127.60406,92681.61771,jcb
1000606,Kids,EUR,43920.81245,52275.95087,diners-club-carte-blanche
1000758,Health,IDR,11452.33226,83362.01081,americanexpress
1000083,Health,IDR,11597.75407,66897.90988,americanexpress
1000706,Tools,USD,38461.15083,67667.45174,jcb
1000324,Baby,VEF,21679.72899,98916.69368,jcb
1000139,Computers,EUR,10395.5283,72312.0678,bankcard
1000886,Garden,SEK,12208.52028,99413.53144,jcb
1000128,Sports,USD,3282.84107,87896.20371,jcb
1000746,Electronics,CNY,17029.25886,71988.22412,jcb
1000241,Outdoors,PHP,30116.48457,51521.17176,jcb
1000614,Games,IDR,8986.22787,61593.30543,jcb
1000294,Tools,THB,35175.03092,75583.65653,instapayment
1000183,Kids,CNY,49351.13048,56124.82761,jcb
1000563,Kids,CNY,6715.69623,67695.69307,mastercard
1000986,Home,EUR,29004.20446,95393.91599,jcb
1000008,Music,PLN,29769.09089,69958.80765,jcb
1000042,Shoes,IDR,22950.85149,61368.98884,visa
1000147,Grocery,PEN,18956.93318,75909.91299,jcb
1000948,Kids,KZT,10523.87058,57213.39629,jcb
1000764,Books,VND,32137.10816,71106.22801,laser
1000612,Grocery,BDT,24112.90024,59126.44091,diners-club-enroute
1000666,Automotive,EUR,14581.11864,94348.25317,diners-club-enroute
1000032,Jewelery,CNY,14268.14476,79759.94082,instapayment
1000375,Games,EUR,49664.05551,88501.75232,jcb
1000841,Games,EUR,9835.68892,70856.29016,jcb
1000060,Movies,BRL,10967.66041,62603.18834,mastercard
1000015,Movies,IRR,32777.07253,86746.71554,jcb
1000322,Tools,SEK,22271.5135,91707.35668,jcb
1000755,Computers,SEK,20946.93131,94820.54675,americanexpress
1000689,Beauty,CNY,2053.65551,79236.69574,jcb
1000259,Shoes,KHR,30025.36487,50122.51285,maestro
1000072,Movies,CNY,21536.40918,72289.98144,china-unionpay
1000971,Jewelery,PHP,20336.85483,83848.70483,jcb
1000166,Beauty,SEK,28772.52749,98385.40748,jcb
1000199,Tools,RUB,26382.07666,98697.14035,china-unionpay
1000150,Automotive,COP,13429.79848,84249.06441,jcb
1000243,Jewelery,BRL,13737.82483,82542.36479,americanexpress
1000683,Industrial,ZAR,23528.04712,58587.08476,bankcard
1000445,Tools,CNY,7974.9265,65305.31543,mastercard
1000062,Kids,ALL,11726.68121,54673.52479,jcb
1000790,Games,SEK,2328.18918,85838.39443,jcb
1000151,Shoes,JPY,20087.22428,94476.12901,jcb
1000257,Jewelery,CAD,7978.02247,79863.79935,jcb
1000264,Jewelery,CNY,9713.02833,68498.32245,mastercard
1000632,Automotive,MNT,34361.92553,78753.74601,jcb
1000117,Music,EUR,31269.35216,51943.91804,mastercard
1000860,Games,PLN,33386.75305,58782.96712,jcb
1000759,Computers,JPY,46091.9649,89186.1913,switch
1000547,Books,USD,15377.48766,69787.76908,visa-electron
1000635,Computers,PHP,48467.14908,85999.11759,jcb
1000270,Automotive,PLN,40227.81002,53342.60362,maestro
1000306,Movies,EUR,34997.11661,77251.77032,diners-club-us-ca
1000977,Games,CNY,16942.18461,60859.07809,jcb
1000123,Shoes,IDR,32641.58042,62580.70161,jcb
1000642,Shoes,JMD,44738.07204,51522.83708,jcb
1000147,Grocery,BGN,2603.04623,52133.78891,jcb
1000074,Outdoors,PLN,45120.458,56041.49317,diners-club-carte-blanche
1000069,Games,PEN,2421.15086,96938.16705,americanexpress
1000937,Music,TND,23095.72972,60944.67614,switch
1000661,Games,EUR,20057.10091,91138.33637,instapayment
1000223,Books,PHP,1550.25736,93211.37381,mastercard
1000669,Toys,PLN,5906.35384,68267.87285,bankcard
1000345,Electronics,IDR,36408.12687,62327.17494,jcb
1000490,Grocery,IRR,40591.89927,78736.51297,jcb
1000214,Shoes,UGX,17216.63024,59327.69032,china-unionpay
1000125,Home,EUR,3935.20442,82123.6768,jcb
1000068,Sports,CNY,46913.84103,64485.2867,maestro
1000322,Jewelery,PHP,24221.32898,55173.00384,visa-electron
1000669,Toys,EUR,3067.12741,97880.0405,jcb
1000541,Home,NOK,2181.63574,73889.41473,mastercard
1000844,Tools,PLN,38275.05347,91725.16686,mastercard
1000833,Garden,SEK,9584.20565,90620.25265,maestro
1000002,Jewelery,CNY,11481.7255,56889.50278,bankcard
1000969,Outdoors,COP,47297.22118,81634.65422,jcb
1000944,Electronics,KZT,32984.7841,95161.99383,visa-electron
1000423,Baby,IDR,44147.33949,93151.69921,visa-electron
1000108,Automotive,CNY,2284.05793,86495.8489,jcb
1000357,Automotive,CNY,26604.20175,76555.29185,diners-club-carte-blanche
1000776,Clothing,THB,20271.3117,79243.57939,diners-club-carte-blanche
1000495,Sports,AUD,22178.10566,87007.97058,maestro
1000982,Clothing,CNY,24642.93306,55815.93643,china-unionpay
1000229,Automotive,VND,37249.96519,55154.92411,diners-club-carte-blanche
1000497,Health,PHP,23835.75171,72065.19091,laser
1000388,Health,PLN,13790.37261,81934.06205,americanexpress
1000714,Books,CZK,5790.63698,85006.8982,diners-club-enroute
1000757,Books,CNY,8851.72544,78185.16716,jcb
1000186,Tools,RUB,48353.22698,72176.57689,jcb
1000541,Industrial,IDR,18691.19801,85608.66428,china-unionpay
1000149,Grocery,EUR,22632.95771,62779.41879,visa
1000551,Kids,COP,37272.04839,66285.23447,jcb
1000985,Sports,IDR,40266.31388,84057.01049,switch
1000459,Toys,SYP,21007.64492,68166.58002,jcb
1000433,Books,CZK,6164.79684,61750.34239,jcb
1000772,Games,CAD,25026.04876,87079.19521,jcb
1000399,Toys,PHP,10355.69791,83640.90463,jcb
1000756,Games,RUB,5778.14024,72090.72147,laser
1000562,Books,AUD,28864.19528,59913.67142,switch
1000792,Beauty,CNY,19796.91475,83984.07856,mastercard
1000014,Games,EUR,587.63752,66874.08314,americanexpress
1000409,Industrial,EUR,16980.48123,52922.9959,mastercard
1000463,Home,IDR,27272.30316,90251.92745,americanexpress
1000196,Health,COP,25732.47525,82457.46462,mastercard
1000105,Toys,HNL,37834.35297,59914.95773,mastercard
1000021,Games,PEN,39520.24774,84483.18722,mastercard
1000224,Kids,EUR,7305.00571,72547.90374,switch
1000211,Baby,BOB,18444.36898,69870.43578,maestro
1000858,Grocery,THB,10197.14073,72947.35563,switch
1000445,Beauty,SOS,48545.32814,57355.84199,jcb
1000546,Books,IDR,9849.93008,58493.9965,diners-club-carte-blanche
1000272,Toys,IDR,31025.86145,85578.2546,jcb
1000001,Home,CNY,49077.85544,63670.82921,jcb
1000294,Sports,RUB,18318.03339,93571.74441,china-unionpay
1000477,Home,JPY,32815.22063,87912.65437,jcb
1000044,Electronics,USD,47676.35381,59493.89165,maestro
1000996,Books,IDR,33663.68175,89968.54629,jcb
1000475,Books,THB,22501.67335,60857.86091,switch
1000641,Computers,PHP,39725.23847,64443.70622,jcb
1000187,Games,CNY,114.27333,81594.22254,jcb
1000839,Baby,CNY,4809.60662,54837.47064,visa-electron
1000337,Grocery,IDR,24536.18532,56995.97943,jcb
1000725,Garden,CNY,44847.59765,76406.92951,visa
1000470,Computers,SEK,28661.48933,85528.72437,china-unionpay
1000683,Grocery,PEN,47227.34128,75956.54964,maestro
1000032,Books,RSD,4560.495,66668.73182,visa-electron
1000979,Books,GTQ,46102.28868,50615.68351,laser
1000076,Garden,EUR,36554.11658,63663.32517,jcb
1000447,Baby,THB,31713.16242,58950.87432,switch
1000446,Clothing,RUB,37649.00966,58380.75718,americanexpress
1000185,Books,PHP,994.47356,73804.38161,jcb
1000612,Garden,YER,27874.55981,60742.88451,diners-club-carte-blanche
1000166,Toys,RUB,32661.03088,97120.6896,jcb
1000726,Electronics,NAD,23024.78385,58948.72197,maestro
1000505,Clothing,EUR,12025.43995,58124.71457,laser
1000126,Outdoors,SEK,37443.54357,51735.31748,americanexpress
1000864,Sports,CNY,25254.05975,69319.72289,diners-club-international
1000401,Grocery,CNY,36630.10448,95991.30714,americanexpress
1000735,Clothing,JPY,5249.42344,55672.95191,visa-electron
1000014,Movies,CNY,18444.47928,68634.65017,instapayment
1000524,Health,GBP,16820.15141,71844.80893,switch
1000776,Music,RUB,1739.85154,98473.56607,bankcard
1000376,Garden,BRL,49592.18737,68725.96545,mastercard
1000859,Beauty,CNY,48635.52661,78685.72608,switch
1000150,Movies,BRL,34876.76615,60789.40413,visa
1000661,Automotive,EUR,48621.2137,86637.05174,china-unionpay
1000347,Computers,CNY,23629.48756,80281.46097,jcb
1000034,Toys,EUR,11069.4524,53364.17311,jcb
1000819,Tools,CNY,44403.6245,69454.20342,laser
1000281,Grocery,EUR,48404.39375,61505.59586,mastercard
1000039,Outdoors,CNY,44884.82042,64839.38256,jcb
1000641,Grocery,CZK,46012.11115,99091.72914,jcb
1000741,Toys,BRL,10490.33979,55838.0288,jcb
1000138,Beauty,PLN,46714.90469,79855.19084,maestro
1000403,Toys,THB,48894.27505,77789.90256,switch
1000508,Outdoors,ILS,49203.68123,51587.0763,china-unionpay
1000710,Kids,BRL,18200.92564,62810.7776,diners-club-enroute
1000500,Baby,SAR,49989.33078,63759.42187,laser
1000346,Health,UAH,40099.20561,62915.28887,diners-club-enroute
1000018,Outdoors,PKR,21175.58781,92520.21943,switch
1000641,Jewelery,PEN,10689.04178,87698.38482,solo
1000885,Home,GHS,29802.95904,91180.28319,china-unionpay
1000306,Industrial,COP,38428.42295,60980.70874,jcb
1000304,Kids,CNY,3209.21526,77433.41683,visa-electron
1000985,Industrial,PHP,6372.88045,66222.13334,jcb
1000627,Automotive,EUR,33447.63768,57038.26707,jcb
1000770,Electronics,PHP,5876.6702,74229.97545,diners-club-carte-blanche
1000155,Electronics,CNY,42307.66032,86061.81688,diners-club-carte-blanche
1000462,Clothing,NGN,267.83728,70628.14642,jcb
1000660,Games,GEL,24767.42038,65680.7925,jcb
1000978,Tools,SYP,35461.60777,63840.52597,maestro
1000865,Jewelery,IDR,48917.07302,64081.37832,laser
1000633,Outdoors,EUR,31633.71794,78313.32104,diners-club-carte-blanche
1000076,Toys,RUB,21798.15497,95255.70759,switch
1000307,Baby,JPY,16408.57165,58126.03748,jcb
1000548,Outdoors,PHP,40806.06993,52416.93184,jcb
1000749,Music,CNY,39882.89449,54796.89138,jcb
1000642,Outdoors,RUB,24761.80231,93922.21838,solo
1000261,Tools,KZT,4091.45061,82534.32371,visa
1000136,Shoes,BRL,19510.44242,52116.45288,jcb
1000576,Industrial,PLN,28579.65682,62396.49643,china-unionpay
1000677,Kids,ARS,19592.69153,86253.89364,switch
1000322,Kids,MYR,45558.50762,81140.43388,visa-electron
1000159,Jewelery,CNY,20621.39852,70721.80944,jcb
1000137,Baby,MYR,40138.106,97551.61321,china-unionpay
1000460,Electronics,RUB,40160.73877,84347.43669,bankcard
1000292,Electronics,EUR,23349.7895,74442.26,jcb
1000482,Books,EUR,19658.66232,67024.82476,visa
1000598,Toys,CNY,38871.94446,54424.2075,jcb
1000706,Outdoors,AOA,4219.12992,60760.93628,mastercard
1000390,Garden,EUR,26507.74333,67511.54903,mastercard
1000976,Clothing,EUR,12190.19476,53854.17129,switch
1000127,Automotive,HRK,11673.10737,84782.97115,diners-club-enroute
1000161,Sports,PHP,42664.37423,94689.7532,jcb
1000327,Kids,PHP,44651.05581,74032.77087,diners-club-enroute
1000018,Electronics,CNY,37153.18697,69435.84639,solo
1000480,Jewelery,COP,5092.09863,72627.67344,americanexpress
1000023,Sports,PHP,45256.70458,83150.37453,jcb
1000198,Games,PLN,15856.54783,71467.85773,bankcard
1000642,Automotive,CZK,14720.89353,51352.64438,jcb
1000400,Outdoors,PLN,31523.4553,69475.50519,visa-electron
1000646,Beauty,EUR,43309.47451,65455.12482,visa
1000727,Home,ZAR,43538.31069,76838.47776,visa-electron
1000664,Movies,UAH,26818.59464,59693.69189,jcb
1000913,Computers,AZN,30201.76182,65101.6896,mastercard
1000038,Health,EUR,16273.93306,98791.58896,jcb
1000867,Outdoors,TZS,33640.09556,83922.53615,laser
1000680,Movies,SYP,19190.19276,71632.10434,china-unionpay
1000888,Sports,IDR,46673.13354,90430.08235,maestro
1000302,Movies,PHP,39195.40095,57264.35376,diners-club-enroute
1000116,Garden,CNY,37170.36939,70385.94974,jcb
1000541,Beauty,MUR,37193.25964,79438.58269,jcb
1000557,Home,AZN,6639.31442,71972.28298,mastercard
1000869,Shoes,USD,7005.52525,71478.59108,jcb
1000825,Books,BRL,35991.36449,91578.7444,jcb
1000285,Games,RUB,11034.65802,93477.33684,jcb
1000882,Garden,USD,1846.43634,95991.05367,visa-electron
1000712,Computers,RUB,14838.79863,98166.30309,diners-club-carte-blanche
1000718,Beauty,NZD,35550.71644,88238.19001,mastercard
1000925,Home,IDR,42514.28529,71556.45722,diners-club-enroute
1000416,Garden,BAM,31019.27052,83173.88656,americanexpress
1000766,Movies,EUR,1982.30384,59831.65346,jcb
1000692,Health,BRL,38811.22914,82993.41688,jcb
1000179,Computers,UAH,9732.15122,66276.73179,diners-club-enroute
1000744,Shoes,JPY,18995.24448,85455.87227,mastercard
1000082,Electronics,CNY,26811.23815,76729.1621,bankcard
1000934,Movies,IDR,24736.427,72153.68306,jcb
1000995,Automotive,ARS,23412.20628,83637.55883,china-unionpay
1000458,Home,RUB,12131.20981,64400.86936,jcb
1000146,Games,MGA,22623.31838,90093.68557,mastercard
1000301,Clothing,IDR,8844.1919,58137.23005,jcb
1000545,Music,IDR,2154.68509,70118.93771,maestro
1000443,Garden,CNY,20747.54039,85653.07753,jcb
1000868,Kids,CNY,15852.06912,59008.39096,jcb
1000693,Clothing,COP,37563.22743,56693.23199,jcb
1000173,Computers,CNY,14202.23287,98178.74741,visa-electron
1000560,Home,PLN,48601.78737,98197.06031,visa-electron
1000329,Baby,EUR,38556.25397,70377.16042,instapayment
1000813,Kids,CNY,36430.97482,99039.10002,jcb
1000578,Computers,PHP,12279.64055,50276.12189,jcb
1000070,Games,MYR,43.76649,93100.04748,americanexpress
1000522,Beauty,ARS,20292.40804,93017.41602,diners-club-carte-blanche
1000465,Grocery,PHP,27160.84343,71661.96659,visa
1000349,Tools,EUR,49452.69156,81666.473,bankcard
1000522,Jewelery,CNY,16728.5938,61926.57018,jcb
1000575,Industrial,HUF,41623.64549,53010.1362,jcb
1000199,Tools,ZAR,24809.61512,69631.10611,jcb
1000704,Computers,XAF,46563.88768,89684.5993,mastercard
1000899,Outdoors,SEK,31927.21669,78412.27796,diners-club-enroute
1000240,Games,CUP,13391.03905,66180.50573,jcb
1000265,Garden,RUB,40802.09504,84480.51369,solo
1000656,Grocery,BRL,36478.92314,91481.61967,solo
1000717,Movies,PLN,36495.59395,95321.24531,bankcard
1000909,Electronics,RUB,41500.49474,59742.08933,jcb
1000992,Tools,IDR,45251.34443,86377.59904,jcb
1000049,Clothing,EUR,41514.63396,95163.0711,china-unionpay
1000675,Movies,RUB,17620.58775,90180.72689,diners-club-carte-blanche
1000728,Industrial,CNY,44264.06416,99538.62445,jcb
1000906,Sports,SEK,10310.06407,76452.00326,jcb
1000833,Games,RUB,49508.27036,88797.85996,switch
1000319,Outdoors,PHP,10462.26585,64937.32532,china-unionpay
1000455,Health,SEK,17406.36451,52627.23624,jcb
1000711,Books,JOD,31208.98379,60070.26964,jcb
1000321,Outdoors,PLN,6557.66557,68326.62402,solo
1000444,Sports,EUR,27883.72713,51191.04118,jcb
1000943,Industrial,EGP,1274.78438,64261.97826,bankcard
1000166,Toys,MAD,45294.04744,96771.73422,maestro
1000703,Books,CNY,1223.64902,56173.15642,mastercard
1000160,Home,PHP,33330.86576,92673.72083,jcb
1000703,Baby,CNY,803.88695,54188.18493,jcb
1000313,Beauty,CNY,36053.2867,82979.88483,jcb
1000033,Electronics,CNY,38574.9544,89689.36172,jcb
1000644,Grocery,UAH,6738.84998,77352.33143,diners-club-enroute
1000200,Toys,IDR,5196.94038,71853.13829,visa
1000446,Grocery,BRL,39379.64443,79461.67699,china-unionpay
1000410,Grocery,USD,30537.38303,95831.45203,americanexpress
1000924,Jewelery,CNY,31011.91645,71679.35823,maestro
1000578,Outdoors,EUR,3191.5396,67400.69008,jcb
1000041,Movies,PKR,21469.03991,66987.74725,jcb
1000980,Sports,PHP,19172.80751,89962.34782,diners-club-carte-blanche
1000227,Music,EUR,43842.20581,51170.13214,bankcard
1000185,Automotive,THB,47475.25615,60283.90762,jcb
1000698,Clothing,CZK,4696.7514,69106.09477,maestro
1000481,Clothing,PHP,19380.99436,75154.87527,jcb
1000747,Sports,RUB,37785.03028,60521.91922,jcb
1000852,Automotive,CNY,4086.74268,62970.08261,jcb
1000716,Music,BRL,13420.12775,52666.52491,switch
1000116,Beauty,MAD,19346.54724,87407.81838,jcb
1000295,Books,CNY,24882.77491,84583.00623,jcb
1000823,Health,USD,36565.79997,88396.02374,jcb
1000808,Automotive,BRL,48261.49542,77384.87468,diners-club-us-ca
1000997,Sports,ARS,31819.9647,94525.91015,jcb
1000688,Movies,EUR,16903.40121,63700.73524,jcb
1000883,Jewelery,USD,13066.21669,71938.20774,jcb
1000397,Jewelery,IDR,30263.61743,56576.76888,jcb
1000257,Clothing,CNY,42176.62483,60701.5106,americanexpress
1000089,Automotive,XAF,39.90342,54496.74453,mastercard
1000548,Industrial,CNY,5620.19923,69887.70214,diners-club-carte-blanche
1000944,Grocery,CNY,9273.15628,99381.37411,jcb
1000756,Tools,CNY,24045.04332,91783.09674,mastercard
1000540,Jewelery,CNY,43711.8224,85718.7828,jcb
1000714,Home,JPY,45298.58906,73264.1263,jcb
1000385,Electronics,IDR,37793.45576,66888.94109,instapayment
1000529,Baby,EUR,29255.58053,56145.69155,jcb
1000432,Books,ZAR,33048.31626,92681.89277,americanexpress
1000576,Health,CNY,12030.536,98190.70256,switch
1000567,Computers,EUR,5320.51202,82633.98149,americanexpress
1000350,Beauty,BRL,13058.5024,70357.86638,mastercard
1000480,Clothing,ARS,9221.75635,70432.93212,switch
1000649,Health,EUR,46574.0718,89078.39211,americanexpress
1000438,Health,UAH,12070.45089,50034.359,china-unionpay
1000966,Toys,CNY,36301.88768,99229.36877,americanexpress
1000999,Books,PAB,33543.62428,66608.38398,maestro
1000349,Outdoors,CNY,25399.52904,86236.69719,jcb
1000318,Health,ALL,40808.55507,89966.5899,maestro
1000576,Health,EUR,20621.16248,92377.50747,maestro
1000295,Clothing,CNY,46070.0375,98297.72807,jcb
1000461,Automotive,EUR,35392.38385,60716.27709,maestro
1000638,Games,PHP,19940.99933,50143.98562,jcb
1000618,Baby,CNY,10778.92292,59717.83676,diners-club-enroute
1000052,Automotive,SYP,35798.15678,62495.86927,jcb
1000994,Beauty,CNY,1059.42915,59958.24963,jcb
1000995,Industrial,IDR,33126.60217,95836.86181,maestro
1000605,Electronics,CNY,32520.59374,73535.66951,laser
1000494,Home,KHR,16433.42183,72662.50602,jcb
1000304,Computers,PLN,21501.82449,69788.37734,jcb
1000184,Home,LTL,35474.24453,74394.47076,jcb
1000295,Industrial,CNY,10679.5594,81289.2361,switch
1000264,Sports,EUR,49928.12331,92272.83818,jcb
1000247,Baby,PLN,42832.32354,77038.94929,jcb
1000402,Games,EUR,996.57087,84519.05971,jcb
1000284,Automotive,CNY,12125.18484,53599.68051,jcb
1000659,Shoes,IQD,38978.70564,77775.36928,jcb
1000697,Shoes,PYG,32447.77196,90555.95559,china-unionpay
1000680,Industrial,BRL,15764.54734,73760.44306,diners-club-enroute
1000914,Clothing,UAH,35163.56241,76480.09354,jcb
1000629,Garden,CNY,16759.85664,56573.45515,jcb
1000109,Industrial,PHP,25591.39094,69624.23726,visa
1000370,Home,YER,44935.28467,71965.65164,visa
1000539,Toys,CNY,29341.60949,55152.37886,jcb
1000717,Books,CNY,1610.40851,64878.82719,diners-club-enroute
1000034,Jewelery,CNY,21938.28858,67136.51327,jcb
1000876,Games,CNY,12623.51972,86882.95343,americanexpress
1000583,Industrial,GTQ,9450.46741,90437.29997,jcb
1000651,Jewelery,CNY,20759.37972,89655.23971,bankcard
1000108,Clothing,EUR,43212.06632,52518.43338,china-unionpay
1000239,Health,IDR,12389.62375,65485.52716,americanexpress
1000350,Industrial,PHP,41869.12831,56574.01293,laser
1000300,Computers,PHP,45594.64313,75398.91094,jcb
1000898,Clothing,THB,15584.12022,93249.68688,jcb
1000185,Games,RUB,7670.42119,96454.49405,maestro
1000588,Beauty,PEN,4713.66561,76460.32238,mastercard
1000192,Computers,CNY,23219.2361,90369.7574,solo
1000904,Movies,XOF,18355.30573,72823.42137,mastercard
1000297,Clothing,ARS,45980.2296,79976.13028,diners-club-carte-blanche
1000202,Home,XAF,42301.11677,73305.39952,jcb
1000271,Computers,IRR,22906.52666,71154.25743,americanexpress
1000204,Garden,ZAR,32181.57612,53454.06487,diners-club-carte-blanche
1000713,Books,LTL,25899.32762,97268.38432,jcb
1000635,Clothing,PEN,38156.06466,69326.02446,jcb
1000961,Baby,PEN,5944.31964,50596.1283,visa-electron
1000914,Books,BRL,23718.91234,84980.15358,solo
1000142,Movies,RUB,3397.63588,70458.5762,diners-club-carte-blanche
1000687,Electronics,UAH,8132.30341,84814.73809,maestro
1000589,Shoes,EUR,4488.2122,80591.14974,jcb
1000788,Home,EUR,4322.88197,66244.50845,jcb
1000195,Home,PLN,45612.71038,52025.54872,mastercard
1000005,Baby,USD,23917.27122,89360.25504,visa
1000244,Computers,SEK,20260.25699,92115.61446,diners-club-enroute
1000381,Electronics,EUR,25158.09026,56652.35574,jcb
1000099,Music,IDR,21133.51729,75069.6001,visa-electron
1000407,Home,MYR,9626.05623,63550.39217,visa
1000077,Tools,IDR,66.61046,87398.74915,instapayment
1000554,Baby,EUR,575.29576,90436.23492,diners-club-enroute
1000237,Baby,CNY,14965.42838,93341.3053,jcb
1000851,Beauty,KRW,22269.22328,67336.21503,jcb
1000925,Garden,VND,26996.33256,74010.76105,diners-club-us-ca
1000097,Movies,IDR,4809.00835,72042.08711,jcb
1000506,Music,SEK,43174.90481,60784.09672,americanexpress
1000401,Jewelery,UZS,18773.13767,68496.66601,bankcard
1000437,Health,BRL,14664.0025,59259.06253,jcb
1000540,Toys,KRW,241.88265,84234.64194,diners-club-carte-blanche
1000553,Computers,RUB,15391.4415,98894.74091,maestro
1000875,Home,BRL,14131.04404,87465.2493,jcb
1000680,Home,CNY,49728.43324,89887.22444,jcb
1000136,Movies,GEL,1335.1209,76357.85087,jcb
1000485,Books,PLN,26781.46378,83842.05633,jcb
1000896,Outdoors,CNY,41934.52366,93645.12656,jcb
1000866,Automotive,BGN,21977.46861,69249.63423,jcb
1000820,Books,PLN,30807.36254,88393.02068,maestro
1000631,Automotive,EUR,2159.19283,99164.54413,jcb
1000614,Beauty,CNY,43506.31815,84062.03681,diners-club-enroute
1000884,Industrial,EUR,824.89834,57009.3706,jcb
1000237,Home,IDR,39349.09381,56780.78221,jcb
1000384,Automotive,NIO,14570.04972,56505.97433,americanexpress
1000133,Toys,CNY,36150.66745,65729.03095,jcb
1000894,Health,NOK,22531.95265,82379.5567,bankcard
1000370,Jewelery,RUB,22423.60025,67533.36707,jcb
1000834,Shoes,PHP,35640.9573,68546.15704,jcb
1000557,Grocery,ZAR,8161.79218,51799.94479,jcb
1000473,Movies,RUB,22957.12915,53545.75178,jcb
1000044,Clothing,PHP,5436.24584,90871.03555,jcb
1000991,Movies,EUR,35554.00653,58851.54602,switch
1000518,Kids,EUR,16269.67551,95871.67461,china-unionpay
1000120,Garden,PKR,9909.5187,64749.86682,jcb
1000599,Electronics,HUF,2430.3613,99489.9796,jcb
1000948,Toys,EUR,27192.79976,70572.41035,jcb
1000765,Tools,CAD,26060.8587,55983.26653,china-unionpay
1000586,Electronics,CNY,40426.84389,67987.99895,jcb
1000085,Clothing,BRL,13238.8225,88839.59721,bankcard
1000307,Tools,VND,24214.0876,61195.86327,jcb
1000971,Garden,IDR,24205.87972,87982.10418,jcb
1000352,Music,CZK,48238.9993,97036.12398,jcb
1000758,Industrial,AMD,49640.77051,72550.57853,instapayment
1000071,Beauty,EUR,28492.65091,86959.74143,bankcard
1000692,Electronics,EUR,39283.86606,86407.28534,switch
1000456,Industrial,CNY,4934.5963,66889.63508,mastercard
1000349,Beauty,CNY,44660.53242,66749.93512,diners-club-enroute
1000142,Movies,EUR,7596.54613,84950.82733,maestro
1000428,Shoes,PKR,46860.99246,73997.47873,jcb
1000713,Clothing,THB,27754.92131,56119.39965,jcb
1000002,Automotive,IDR,37770.66279,87583.87853,americanexpress
1000416,Electronics,CZK,34184.33348,69208.77172,jcb
1000791,Computers,IDR,13206.62762,91737.14979,jcb
1000261,Beauty,PLN,26232.00901,62239.92314,jcb
1000402,Industrial,CNY,28982.52339,75164.37076,jcb
1000892,Outdoors,AZN,29427.43888,77068.61648,jcb
1000436,Outdoors,IRR,24949.57651,50203.76199,china-unionpay
1000959,Books,IDR,13144.80579,74152.2039,jcb
1000880,Outdoors,IDR,26431.50406,96320.28453,jcb
1000353,Beauty,ILS,37225.95171,83218.89425,visa-electron
1000729,Beauty,PHP,1349.81754,72086.57326,americanexpress
1000223,Movies,PHP,19147.81807,62020.60756,jcb
1000500,Sports,IDR,39212.21304,96098.88367,bankcard
1000456,Toys,BRL,41318.72836,70464.0914,mastercard
1000536,Sports,IRR,31058.88194,71290.83682,diners-club-enroute
1000234,Health,PAB,28865.24816,68022.05998,diners-club-enroute
1000214,Tools,CNY,32231.13224,79410.65266,diners-club-carte-blanche
1000253,Electronics,USD,9740.21254,80324.36136,switch
1000242,Baby,EUR,28548.4886,94417.40794,jcb
1000017,Toys,COP,40041.57524,70455.874,jcb
1000790,Computers,IDR,22673.5654,56231.17667,jcb
1000871,Beauty,CNY,29636.43821,84704.64058,jcb
1000197,Tools,KWD,23873.27542,55653.58562,mastercard
1000736,Industrial,EUR,27774.20121,79547.01851,china-unionpay
1000009,Outdoors,RUB,16822.42868,62001.36311,jcb
1000053,Games,BRL,4870.11406,97262.58434,switch
1000522,Garden,EGP,23214.16325,81344.31579,visa
1000561,Books,BAM,45704.80349,66667.89162,jcb
1000703,Electronics,JPY,48684.54687,75743.16582,maestro
1000630,Grocery,CNY,31707.4571,63761.38601,instapayment
1000707,Industrial,HRK,23902.72581,79960.35976,diners-club-carte-blanche
1000230,Baby,JPY,6835.8843,68321.6413,laser
1000595,Kids,CNY,19233.91427,79961.82059,instapayment
1000191,Toys,IDR,3406.6055,85575.5215,visa-electron
1000142,Music,THB,45980.58118,74262.73102,jcb
1000656,Grocery,AMD,48200.115,82995.34198,mastercard
1000374,Tools,BRL,36163.50866,69930.84473,jcb
1000860,Music,CNY,3206.98887,98698.36026,diners-club-carte-blanche
1000509,Garden,ILS,21187.58803,80105.53983,jcb
1000169,Industrial,CNY,25417.0474,66453.49577,jcb
1000829,Outdoors,IRR,22940.85215,62534.90939,visa-electron
1000911,Baby,CNY,32827.96518,60950.73769,diners-club-international
1000255,Sports,PHP,4266.68882,87338.62845,jcb
1000286,Tools,PHP,27917.42988,69366.94559,mastercard
1000892,Sports,PLN,3055.3907,98867.60861,solo
1000438,Home,PLN,31551.44982,73544.31664,jcb
1000528,Automotive,IRR,20540.99691,70565.07353,americanexpress
1000151,Games,CNY,2486.98533,53813.56085,mastercard
1000294,Kids,KMF,4085.56008,60995.65452,diners-club-enroute
1000715,Garden,ARS,13559.41521,64888.64795,jcb
1000519,Clothing,EUR,3085.18376,93376.74152,mastercard
1000393,Health,EUR,24176.21673,54148.85814,jcb
1000412,Books,CNY,21295.02061,84960.01227,americanexpress
1000871,Shoes,IDR,46172.25876,79690.83557,jcb
1000633,Games,EUR,28065.44418,55618.15357,jcb
1000641,Grocery,ALL,3315.60579,50224.73614,jcb
1000788,Games,PHP,1218.47442,62002.57726,jcb
1000129,Industrial,PHP,35101.19821,68661.38499,mastercard
1000597,Baby,RUB,2112.46436,74299.13987,jcb
1000905,Outdoors,THB,49169.28564,72755.67279,laser
1000108,Toys,IDR,35105.83145,64202.86962,maestro
1000981,Garden,CNY,19222.36448,70421.8001,jcb
1000654,Beauty,PEN,29041.00852,71742.39017,solo
1000624,Jewelery,EUR,29759.00111,63004.98096,china-unionpay
1000769,Shoes,SYP,15799.25374,76612.77081,jcb
1000328,Grocery,CNY,2647.97842,95004.15996,jcb
1000270,Shoes,CNY,18432.11075,80210.06261,jcb
1000196,Clothing,RUB,14373.76553,90599.34633,americanexpress
1000274,Baby,IDR,8418.52167,60740.46946,americanexpress
1000807,Music,PKR,7048.87384,79514.93327,visa
1000048,Clothing,THB,18402.15456,82615.17099,switch
1000251,Jewelery,CZK,19763.30791,84961.06567,jcb
1000513,Games,RUB,34328.49074,78885.42131,jcb
1000984,Health,IDR,34388.56136,53442.34959,mastercard
1000216,Movies,PLN,43792.80351,99303.9913,maestro
1000861,Electronics,LTL,7596.10172,67217.204,switch
1000874,Music,RUB,17616.79271,52438.32446,visa-electron
1000338,Health,PLN,5247.67107,90648.61753,americanexpress
1000623,Movies,USD,18907.51326,60954.68466,mastercard
